{"Fid":"fIbCWMmlTe6djO5W-1o_-y","Status":3,"AuthToken":"eyJhbGciOiJFUzI1NiIsInR5cCI6IkpXVCJ9.eyJhcHBJZCI6IjE6ODUwMjIwMDM3MDgxOmFuZHJvaWQ6YjgyMDdhYzQwNzViNWUxMTI3NWZjOCIsImV4cCI6MTc1NjA0MzYxMCwiZmlkIjoiZkliQ1dNbWxUZTZkak81Vy0xb18teSIsInByb2plY3ROdW1iZXIiOjg1MDIyMDAzNzA4MX0.AB2LPV8wRgIhAMksuCM3HmpWGs6N3AR_B2DUd8NGz0pexndJpVgXO_MUAiEA7X7AiRqJ9-aF9SMqUzedWTwGYZ5c-pli10ISPrNrnbk","RefreshToken":"3_AS3qfwIwYp9ySDRkI4hMzXHYKn76ltZJ5--Q3f7_V87-5P0sth91_3aclp0Se80OlKOmg_jZR8wHl_jZHU3I0EQRj5t6RjHHCcgOVIWMl_iqIHY","TokenCreationEpochInSecs":1755438810,"ExpiresInSecs":604800}