{"Fid":"eARihtCtQIKN2qhBfdIWTf","Status":3,"AuthToken":"eyJhbGciOiJFUzI1NiIsInR5cCI6IkpXVCJ9.eyJhcHBJZCI6IjE6ODUwMjIwMDM3MDgxOmFuZHJvaWQ6YjgyMDdhYzQwNzViNWUxMTI3NWZjOCIsImV4cCI6MTc1NTE0NTg2MSwiZmlkIjoiZUFSaWh0Q3RRSUtOMnFoQmZkSVdUZiIsInByb2plY3ROdW1iZXIiOjg1MDIyMDAzNzA4MX0.AB2LPV8wRgIhALoiZW17Y_IjVTw1ye7Yylfg4HrCz-XUYNb19E25WRCDAiEAguptCylR_ZvJSn2Il2c3pG6yalS2T6vxSgV898FTdKk","RefreshToken":"3_AS3qfwL0JTqSUiOxfpZVAbcFEhBG3R-8ssR1s8cemNyyFIUNx2_II2ORyFNPq3wlxADX8ZhbjfUiz71m_CJxVR7x_kiT28P9s-Ou4DYRIEMqJg8","TokenCreationEpochInSecs":1754541060,"ExpiresInSecs":604800}