<?xml version='1.0' encoding='utf-8' standalone='yes' ?>
<map>
    <string name="prev_event_name">af_deeplink_received</string>
    <long name="prev_event_timestamp" value="1755438850958" />
    <int name="appsFlyerInAppEventCount" value="9" />
    <long name="prev_session_dur" value="16" />
    <boolean name="ddl_sent" value="true" />
    <long name="af_rc_max_age" value="86400" />
    <string name="sentSuccessfully">true</string>
    <string name="af_remote_config">eyJmZWF0dXJlcyI6e30sInZlciI6ImRlZmF1bHQudjEuMTYzNzE0OTUyOSJ9</string>
    <int name="versionCode" value="50005" />
    <string name="savedProperties">{&quot;uid&quot;:&quot;1755438809161-7521961527544771989&quot;,&quot;waitForCustomerId&quot;:&quot;false&quot;,&quot;logLevel&quot;:&quot;0&quot;,&quot;AppUserId&quot;:&quot;225075891&quot;}</string>
    <string name="AF_INSTALLATION">1755438809161-7521961527544771989</string>
    <boolean name="afUninstallToken_queued" value="false" />
    <int name="appsFlyerCount" value="7" />
    <long name="af_rc_timestamp" value="1755438809669" />
    <long name="AppsFlyerTimePassedSincePrevLaunch" value="1755438958003" />
    <boolean name="newGPReferrerSent" value="true" />
    <string name="appsFlyerFirstInstall"></string>
    <string name="attributionId">{&quot;install_time&quot;:&quot;2025-08-17 13:53:34.160&quot;,&quot;af_message&quot;:&quot;organic install&quot;,&quot;af_status&quot;:&quot;Organic&quot;,&quot;is_first_launch&quot;:false}</string>
</map>
