<?xml version='1.0' encoding='utf-8' standalone='yes' ?>
<map>
    <long name="fire-count" value="2" />
    <string name="last-used-date">2025-08-22</string>
    <long name="fire-global" value="1755857062278" />
    <set name="kotlin/2.0.21 fire-perf/20.4.0 fire-analytics/21.3.0 android-min-sdk/23 fire-core-ktx/unspecified fire-fcm/23.2.0 fire-sessions/1.0.0 device-brand/realme fire-abt/21.1.1 fire-core/20.3.3 fire-android/34 android-installer/com.android.vending fire-installations/17.1.3 fire-rc/21.4.1 android-platform/ fire-auth/22.1.0 device-name/RMX3660 fire-dl/21.1.0 android-target-sdk/27 fire-transport/18.1.8 fire-cls/18.4.0 device-model/RE588BL1">
        <string>2025-08-17</string>
    </set>
</map>
